Otu001,"Rh-109-rep2,Rh-2,Rh-79-rep3,Rh-121-rep2,Rh-119,Rh-67,Rh-76,Rh-436,Rh-84-rep2,Rh-92,Rh-84,Rh-147,Rh-122-rep2,Rh-80,Rh-88,Rh-89,Rh-14,Rh-292,Rh-121,Rh-216,Rh-224,Rh-228-rep2,Rh-214,Rh-82,Rh-402,Rh-304a,Rh-146,Rh-81,Rh-120,Rh-117-rep2,Rh-197-rep2,Rh-198-rep2,Rh-200,Rh-324,Rh-190,Rh-197a,Rh-198"
Otu002,"Rh-135,Rh-277a,Rh-444,Rh-210,Rh-185,Rh-75,Rh-172,Rh-256-rep2,Rh-262,Rh-289,Rh-291a,Rh-293,Rh-317,Rh-246,Rh-291,Rh-287-rep2,Rh-85,Rh-262a,Rh-413,Rh-293-rep2,Rh-308,Rh-245,Rh-274,Rh-307,Rh-317-rep2,Rh-287,Rh-426,Rh-254,Rh-142,Rh-437,Rh-232,Rh-280-rep2,Rh-276"
Otu003,"Rh-100,Rh-224a,Rh-385,Rh-154,Rh-324a,Rh-150a,Rh-186,Rh-124,Rh-224-rep2"
Otu004,"Rh-53,Rh-73,Rh-415,Rh-443,Rh-361,Rh-299,Rh-27"
Otu005,"Rh-130,Rh-320,Rh-427,Rh-275,Rh-138,Rh-178-4,Rh-253-4"
Otu006,"Rh-440,Rh-199,Rh-424,Rh-236a,Rh-332,Rh-439,Rh-333"
Otu007,"Rh-203,Rh-356,Rh-432,Rh-347,Rh-344"
Otu008,"Rh-258,Rh-96,Rh-26,Rh-83,Rh-394"
Otu009,"Rh-123,Rh-396,Rh-388,Rh-389,Rh-296b"
Otu010,"Rh-370-rep2,Rh-446,Rh-423,Rh-293-1"
Otu011,"Rh-113,Rh-392,Rh-114,Rh-367"
Otu012,"Rh-222-01,Rh-144,Rh-234"
Otu013,"Rh-25,Rh-169,Rh-169a"
Otu014,"Rh-252,Rh-352-4,Rh-68"
Otu015,"Rh-253-01,Rh-238,Rh-334"
Otu016,"Rh-257,Rh-403,Rh-11"
Otu017,"Rh-269-rep2,Rh-269,Rh-355"
Otu018,"Rh-202-01,Rh-54,Rh-341"
Otu019,"Rh-201-rep2,Rh-346a,Rh-320a"
Otu020,"Rh-10,Rh-143-4,Rh-143-1"
Otu021,"Rh-107,Rh-261,Rh-112"
Otu022,"Rh-111,Rh-204,Rh-387"
Otu023,"Rh-129,Rh-371,Rh-161"
Otu024,"Rh-160,Rh-157,Rh-335"
Otu025,"Rh-143-01,Rh-32,Rh-152"
Otu026,"Rh-149-1,Rh-363-1,Rh-128"
Otu027,"Rh-386,Rh-6a,Rh-338-01"
Otu028,"Rh-366,Rh-228,Rh-406"
Otu029,"Rh-342,Rh-321,Rh-329"
Otu030,"Rh-60,Rh-363-01,Rh-249"
Otu031,"Rh-391,Rh-202-1"
Otu032,"Rh-18,Rh-328"
Otu033,"Rh-57,Rh-63"
Otu034,"Rh-223,Rh-316"
Otu035,"Rh-126,Rh-235"
Otu036,"Rh-280,Rh-182-01"
Otu037,"Rh-283,Rh-325"
Otu038,"Rh-127,Rh-77"
Otu039,"Rh-74,Rh-143"
Otu040,"Rh-213,Rh-231"
Otu041,"Rh-194,Rh-178-1"
Otu042,Rh-422
Otu043,Rh-408
Otu044,Rh-170
Otu045,Rh-425
Otu046,Rh-187
Otu047,Rh-189
Otu048,Rh-256
Otu049,Rh-6
Otu050,Rh-177
Otu051,Rh-165-rep2
Otu052,Rh-165
Otu053,Rh-70
Otu054,Rh-79-rep2
Otu055,Rh-91
Otu056,Rh-153
Otu057,Rh-93
Otu058,Rh-188
Otu059,Rh-328-1
Otu060,Rh-302
Otu061,Rh-298
Otu062,Rh-294
Otu063,Rh-381
Otu064,Rh-197
Otu065,Rh-293-01
Otu066,Rh-284-rep2
Otu067,Rh-20
Otu068,Rh-330
Otu069,Rh-267
Otu070,Rh-34
Otu071,Rh-343
Otu072,Rh-35
Otu073,Rh-357
Otu074,Rh-310
Otu075,Rh-237
Otu076,Rh-236
Otu077,Rh-23
Otu078,Rh-226
Otu079,Rh-368
Otu080,Rh-217
Otu081,Rh-374
Otu082,Rh-239
Otu083,Rh-196
Otu084,Rh-201
Otu085,Rh-205
Otu086,Rh-211
Otu087,Rh-22
Otu088,Rh-230
Otu089,Rh-231-rep2
Otu090,Rh-247
Otu091,Rh-250
Otu092,Rh-253-1
Otu093,Rh-260
Otu094,Rh-277
Otu095,Rh-284
Otu096,Rh-288
Otu097,Rh-3
Otu098,Rh-304
Otu099,Rh-309
Otu100,Rh-101
Otu101,Rh-103
Otu102,Rh-104
Otu103,Rh-105
Otu104,Rh-108-rep2
Otu105,Rh-110
Otu106,Rh-116b
Otu107,Rh-117
Otu108,Rh-118
Otu109,Rh-122
Otu110,Rh-149-01
Otu111,Rh-161-rep2
Otu112,Rh-164
Otu113,Rh-175
Otu114,Rh-178
Otu115,Rh-184
Otu116,Rh-192
Otu117,Rh-42
Otu118,Rh-428
Otu119,Rh-45
Otu120,Rh-62
Otu121,Rh-65
Otu122,Rh-7
Otu123,Rh-79
Otu124,Rh-86
Otu125,Rh-102
Otu126,Rh-108
Otu127,Rh-109
Otu128,Rh-173
Otu129,Rh-115
Otu130,Rh-50
Otu131,Rh-136
Otu132,Rh-139
Otu133,Rh-195
Otu134,Rh-311
Otu135,Rh-319-4
Otu136,Rh-322
Otu137,Rh-326
Otu138,Rh-330-rep2
Otu139,Rh-331
Otu140,Rh-346
Otu141,Rh-350
Otu142,Rh-362
Otu143,Rh-369
Otu144,Rh-370
Otu145,Rh-378
Otu146,Rh-382
Otu147,Rh-384
Otu148,Rh-393
Otu149,Rh-4
Otu150,Rh-41
Otu151,Rh-414