Otu01,"Rh_103,Rh_76,Rh_192,Rh_205,Rh_23,Rh_198,Rh_120,Rh_326,Rh_211,Rh_224_1,Rh_50,Rh_214,Rh_121,Rh_88,Rh_147,Rh_436,Rh_84_1,Rh_84_2,Rh_109,Rh_55,Rh_108,Rh_79,Rh_122,Rh_146,Rh_201,Rh_435,Rh_82,Rh_304_1,Rh_67,Rh_197,Rh_117,Rh_190,Rh_195,Rh_230,Rh_292,Rh_89,Rh_91,Rh_378,Rh_2,Rh_231,Rh_189,Rh_41,Rh_80,Rh_226,Rh_81,Rh_38,Rh_239,Rh_228,Rh_165_2,Rh_324_1,Rh_77,Rh_402,Rh_216,Rh_217,Rh_148,Rh_187,Rh_213,Rh_92,Rh_119,Rh_123,Rh_428"
Otu02,"Rh_111,Rh_437,Rh_413,Rh_144,Rh_317_2,Rh_126,Rh_276,Rh_277,Rh_289,Rh_246,Rh_135,Rh_256,Rh_381,Rh_284_2,Rh_15,Rh_173,Rh_426,Rh_237,Rh_280,Rh_308,Rh_19,Rh_235,Rh_245,Rh_252,Rh_287,Rh_362,Rh_127,Rh_85,Rh_444,Rh_274,Rh_184,Rh_128,Rh_291_2,Rh_177,Rh_254,Rh_185,Rh_387,Rh_75,Rh_142,Rh_288,Rh_311,Rh_309,Rh_307,Rh_14_1,Rh_234,Rh_310,Rh_170,Rh_172,Rh_293_1"
Otu03,"Rh_34,Rh_415,Rh_54,Rh_35,Rh_60,Rh_361,Rh_414,Rh_357,Rh_324_2,Rh_443,Rh_369_1,Rh_284_1,Rh_299,Rh_302,Rh_331,Rh_53,Rh_73"
Otu04,"Rh_130,Rh_178,Rh_138,Rh_371,Rh_384,Rh_427,Rh_346,Rh_304_2,Rh_320,Rh_321,Rh_275,Rh_382,Rh_343"
Otu05,"Rh_102,Rh_175,Rh_83,Rh_26,Rh_223,Rh_104,Rh_96,Rh_394,Rh_258,Rh_260"
Otu06,"Rh_236_2,Rh_403,Rh_332,Rh_439,Rh_329,Rh_422,Rh_425,Rh_440,Rh_333,Rh_424"
Otu07,"Rh_261,Rh_388,Rh_257,Rh_389,Rh_396,Rh_386,Rh_150"
Otu08,"Rh_100,Rh_224_2,Rh_124,Rh_152,Rh_186,Rh_153,Rh_154"
Otu09,"Rh_113,Rh_367,Rh_114,Rh_393,Rh_392"
Otu10,"Rh_344,Rh_356,Rh_203,Rh_432,Rh_347"
Otu11,"Rh_112,Rh_107,Rh_293,Rh_250"
Otu12,"Rh_169,Rh_366,Rh_25,Rh_204"
Otu13,"Rh_32,Rh_65,Rh_42,Rh_93"
Otu14,"Rh_293_2,Rh_161,Rh_369_2"
Otu15,"Rh_105,Rh_325,Rh_200"
Otu16,"Rh_370,Rh_446,Rh_423"
Otu17,"Rh_143,Rh_136,Rh_74"
Otu18,"Rh_294,Rh_335"
Otu19,"Rh_330,Rh_86"
Otu20,"Rh_6,Rh_11"
Otu21,"Rh_7,Rh_4"
Otu22,"Rh_125,Rh_262"
Otu23,"Rh_350,Rh_269"
Otu24,"Rh_57,Rh_63"
Otu25,Rh_10
Otu26,Rh_101
Otu27,Rh_406
Otu28,Rh_14_2
Otu29,Rh_110
Otu30,Rh_164
Otu31,Rh_165_1
Otu32,Rh_20
Otu33,Rh_374
Otu34,Rh_236_1
Otu35,Rh_408
Otu36,Rh_45
Otu37,Rh_22
Otu38,Rh_62
Otu39,Rh_116